antecedents,consequents,antecedent support,consequent support,support,confidence,lift,representativity,leverage,conviction,zhangs_metric,jaccard,certainty,kulczynski
CHILDS GARDEN TROWEL PINK,CHILDS GARDEN TROWEL BLUE ,0.01202310935304221,0.011554676521105502,0.010097329932857961,0.8398268398268399,72.68285168285169,1.0,0.00995840679350568,6.171104587124994,0.998243588337079,0.7490347490347491,0.837954455984049,0.8568503568503569
CHILDS GARDEN TROWEL BLUE ,CHILDS GARDEN TROWEL PINK,0.011554676521105502,0.01202310935304221,0.010097329932857961,0.8738738738738738,72.68285168285168,1.0,0.00995840679350568,7.833245347272306,0.997770512022244,0.7490347490347491,0.8723389916098798,0.8568503568503569
POPPY'S PLAYHOUSE LIVINGROOM ,POPPY'S PLAYHOUSE BEDROOM ,0.011919013168167387,0.014052984958101285,0.010201426117732785,0.8558951965065502,60.90486818696426,1.0,0.010033928404965118,6.841874740745297,0.9954456814331296,0.6468646864686468,0.853841229503265,0.7909105612162382
POPPY'S PLAYHOUSE BEDROOM ,POPPY'S PLAYHOUSE LIVINGROOM ,0.014052984958101285,0.011919013168167387,0.010201426117732785,0.725925925925926,60.90486818696426,1.0,0.010033928404965118,3.60516035735939,0.9976002120216719,0.6468646864686468,0.7226198280033089,0.7909105612162382
POPPY'S PLAYHOUSE LIVINGROOM ,POPPY'S PLAYHOUSE KITCHEN,0.011919013168167387,0.015562379638786239,0.01103419559673138,0.9257641921397379,59.48731579792904,1.0,0.010848707388888667,13.260953827218692,0.9950497042196408,0.670886075949367,0.924590643099333,0.817397146237093
POPPY'S PLAYHOUSE KITCHEN,POPPY'S PLAYHOUSE LIVINGROOM ,0.015562379638786239,0.011919013168167387,0.01103419559673138,0.7090301003344481,59.48731579792904,1.0,0.010848707388888667,3.3958185639392866,0.9987323456120155,0.670886075949367,0.7055201916206149,0.817397146237093
POPPY'S PLAYHOUSE BEDROOM ,POPPY'S PLAYHOUSE KITCHEN,0.014052984958101285,0.015562379638786239,0.012647686462291157,0.9,57.83177257525084,1.0,0.012428988575315032,9.84437620361214,0.9967152920750556,0.7453987730061349,0.8984191604102781,0.8563545150501672
POPPY'S PLAYHOUSE KITCHEN,POPPY'S PLAYHOUSE BEDROOM ,0.015562379638786239,0.014052984958101285,0.012647686462291157,0.8127090301003345,57.83177257525084,1.0,0.012428988575315032,5.264252812455853,0.9982435115669758,0.7453987730061349,0.81003951830849,0.8563545150501672
GREEN REGENCY TEACUP AND SAUCER,ROSES REGENCY TEACUP AND SAUCER ,0.0136886483110394,0.015250091084161765,0.011190339874043616,0.8174904942965779,53.60561388027356,1.0,0.010981586740481207,5.3956088759346965,0.9949649628766031,0.6304985337243402,0.8146641050169213,0.7756394451005074
ROSES REGENCY TEACUP AND SAUCER ,GREEN REGENCY TEACUP AND SAUCER,0.015250091084161765,0.0136886483110394,0.011190339874043616,0.7337883959044369,53.60561388027356,1.0,0.010981586740481207,3.7049900774982754,0.9965426028811643,0.6304985337243402,0.7300937440903401,0.7756394451005074
COFFEE MUG CAT + BIRD DESIGN,COFFEE MUG DOG + BALL DESIGN,0.015510331546348826,0.014521417790037995,0.010982147504293967,0.7080536912751678,48.75926727766953,1.0,0.01075691549984743,3.3755473275697554,0.9949226584883984,0.5765027322404371,0.7037517466182422,0.7321630463544297
COFFEE MUG DOG + BALL DESIGN,COFFEE MUG CAT + BIRD DESIGN,0.014521417790037995,0.015510331546348826,0.010982147504293967,0.7562724014336917,48.75926727766952,1.0,0.01075691549984743,4.039303198508361,0.9939242677357165,0.5765027322404371,0.7524325481758138,0.7321630463544297
PINK  SPOTTY CUP,BLUE  SPOTTY CUP,0.015406235361474003,0.015510331546348826,0.011086243689168792,0.7195945945945946,46.39453337565754,1.0,0.010847287870831248,3.510951106774467,0.9937557717540997,0.5590551181102362,0.7151768937851413,0.7171798476328678
BLUE  SPOTTY CUP,PINK  SPOTTY CUP,0.015510331546348826,0.015406235361474003,0.011086243689168792,0.714765100671141,46.39453337565754,1.0,0.010847287870831248,3.451869904262127,0.993860847701417,0.5590551181102362,0.7103019442403463,0.7171798476328678
"KEY FOB , SHED, KEY FOB , BACK DOOR ","KEY FOB , GARAGE DESIGN",0.013480455941289752,0.01634310102534742,0.010045281840420549,0.7451737451737452,45.59561517841773,1.0,0.009824969387104306,3.860108133855077,0.9914330358582902,0.5078947368421053,0.7409398997842832,0.6799117133512038
"KEY FOB , GARAGE DESIGN","KEY FOB , SHED, KEY FOB , BACK DOOR ",0.01634310102534742,0.013480455941289752,0.010045281840420549,0.6146496815286624,45.595615178417724,1.0,0.009824969387104306,2.5600589821027686,0.9943183111094783,0.5078947368421053,0.609383999747293,0.6799117133512038
"KEY FOB , FRONT  DOOR ","KEY FOB , BACK DOOR ",0.01316816738666528,0.018216832353094257,0.010617810857232082,0.8063241106719367,44.26258610954263,1.0,0.010377928559551717,5.069206967646266,0.9904499669065938,0.5112781954887219,0.8027304849885978,0.6945906267645398
"KEY FOB , BACK DOOR ","KEY FOB , FRONT  DOOR ",0.018216832353094257,0.01316816738666528,0.010617810857232082,0.5828571428571429,44.26258610954263,1.0,0.010377928559551717,2.3656927494155284,0.9955431995201728,0.5112781954887219,0.577290837854129,0.6945906267645398
SET/10 BLUE SPOTTY PARTY CANDLES,SET/10 PINK SPOTTY PARTY CANDLES,0.015926716285848123,0.018893457554780616,0.013012023109353042,0.8169934640522876,43.24213615657466,1.0,0.012711112371219337,5.361046464075662,0.9926846141640662,0.5966587112171836,0.8134692533069815,0.7528493491060335
SET/10 PINK SPOTTY PARTY CANDLES,SET/10 BLUE SPOTTY PARTY CANDLES,0.018893457554780616,0.015926716285848123,0.013012023109353042,0.6887052341597796,43.24213615657466,1.0,0.012711112371219337,3.161226566267585,0.9956863660477454,0.5966587112171836,0.6836670896446737,0.7528493491060335
ALARM CLOCK BAKELIKE GREEN,ALARM CLOCK BAKELIKE RED ,0.015406235361474003,0.015874668193410713,0.010461666579919846,0.6790540540540541,42.775952591936196,1.0,0.010217097705446855,3.066327349628952,0.9919038838687043,0.5025000000000001,0.6738769589877588,0.6690352237483386
ALARM CLOCK BAKELIKE RED ,ALARM CLOCK BAKELIKE GREEN,0.015874668193410713,0.015406235361474003,0.010461666579919846,0.659016393442623,42.775952591936196,1.0,0.010217097705446855,2.887510559757216,0.9923760192058536,0.5025000000000001,0.6536809201888838,0.6690352237483386
"KEY FOB , GARAGE DESIGN, KEY FOB , BACK DOOR ","KEY FOB , SHED",0.011346484151355854,0.020767188882527456,0.010045281840420549,0.8853211009174311,42.63076268653284,1.0,0.009809647260896738,8.538910112944354,0.987750253339098,0.45518867924528306,0.8828890353952696,0.6845151870501942
"KEY FOB , SHED","KEY FOB , GARAGE DESIGN, KEY FOB , BACK DOOR ",0.020767188882527456,0.011346484151355854,0.010045281840420549,0.48370927318295737,42.63076268653284,1.0,0.009809647260896738,1.9149162758427618,0.9972529000837763,0.45518867924528306,0.47778395712893706,0.6845151870501942
"KEY FOB , SHED, KEY FOB , GARAGE DESIGN","KEY FOB , BACK DOOR ",0.013116119294227867,0.018216832353094257,0.010045281840420549,0.7658730158730159,42.04205215419502,1.0,0.009806347694114415,4.1933789533393275,0.9891886072120222,0.47188264058679713,0.7615288264840299,0.6586507936507937
"KEY FOB , BACK DOOR ","KEY FOB , SHED, KEY FOB , GARAGE DESIGN",0.018216832353094257,0.013116119294227867,0.010045281840420549,0.5514285714285715,42.04205215419501,1.0,0.009806347694114415,2.200059606668919,0.9943277941656763,0.47188264058679713,0.5454668605483437,0.6586507936507937
"KEY FOB , GARAGE DESIGN","KEY FOB , SHED",0.01634310102534742,0.020767188882527456,0.013116119294227867,0.802547770700637,38.64498826684546,1.0,0.012776719028308249,4.959340365982039,0.9903081291779107,0.5466377440347071,0.7983602805608238,0.717063359034529
"KEY FOB , SHED","KEY FOB , GARAGE DESIGN",0.020767188882527456,0.01634310102534742,0.013116119294227867,0.631578947368421,38.64498826684546,1.0,0.012776719028308249,2.6699258686454854,0.9947822543495979,0.5466377440347071,0.6254577657965751,0.717063359034529
SET/6 RED SPOTTY PAPER CUPS,SET/6 RED SPOTTY PAPER PLATES,0.018112736168219436,0.019882371311091447,0.013740696403476813,0.7586206896551724,38.15544322079798,1.0,0.013380572257520438,4.060487318854049,0.9917548129050912,0.5665236051502146,0.7537241415933741,0.7248600830474815
SET/6 RED SPOTTY PAPER PLATES,SET/6 RED SPOTTY PAPER CUPS,0.019882371311091447,0.018112736168219436,0.013740696403476813,0.6910994764397906,38.15544322079798,1.0,0.013380572257520438,3.178651989692714,0.993545459373084,0.5665236051502146,0.6854012319553511,0.7248600830474815
"KEY FOB , GARAGE DESIGN","KEY FOB , BACK DOOR ",0.01634310102534742,0.018216832353094257,0.011346484151355854,0.694267515923567,38.1113193812557,1.0,0.011048764619847417,3.2112491108450882,0.9899397618727461,0.4887892376681615,0.6885946977384028,0.658562329390355
"KEY FOB , BACK DOOR ","KEY FOB , GARAGE DESIGN",0.018216832353094257,0.01634310102534742,0.011346484151355854,0.622857142857143,38.1113193812557,1.0,0.011048764619847417,2.608181171523701,0.9918290600452222,0.4887892376681615,0.6165910516807391,0.658562329390355
"KEY FOB , BACK DOOR ","KEY FOB , SHED",0.018216832353094257,0.020767188882527456,0.013480455941289752,0.7400000000000001,35.63313283208021,1.0,0.013102143542971706,3.766280042759511,0.9899703552356894,0.5285714285714286,0.7344860210481557,0.6945614035087719
"KEY FOB , SHED","KEY FOB , BACK DOOR ",0.020767188882527456,0.018216832353094257,0.013480455941289752,0.6491228070175438,35.6331328320802,1.0,0.013102143542971706,2.7980820277936806,0.9925486770921023,0.5285714285714286,0.6426123358547458,0.6945614035087719
PINK  SPOTTY CUP,RED SPOTTY CUP,0.015406235361474003,0.01873731327746838,0.010149378025295372,0.6587837837837838,35.15892454954955,1.0,0.009860706566901023,2.8757797551472213,0.9867599757645749,0.4229934924078091,0.652268224571041,0.6002252252252251
RED SPOTTY CUP,PINK  SPOTTY CUP,0.01873731327746838,0.015406235361474003,0.010149378025295372,0.5416666666666666,35.158924549549546,1.0,0.009860706566901023,2.1482045773931473,0.9901097152462983,0.4229934924078091,0.534494986872478,0.6002252252252251
BLUE  SPOTTY CUP,RED SPOTTY CUP,0.015510331546348826,0.01873731327746838,0.010149378025295372,0.6543624161073825,34.92295861297539,1.0,0.009858756084074034,2.8389930159545087,0.9866691067325485,0.4211663066954644,0.6477624304180312,0.5980145413870246
RED SPOTTY CUP,BLUE  SPOTTY CUP,0.01873731327746838,0.015510331546348826,0.010149378025295372,0.5416666666666666,34.92295861297539,1.0,0.009858756084074034,2.1479774584443296,0.9899138680234527,0.4211663066954644,0.5344457661467971,0.5980145413870246
FELTCRAFT CUSHION RABBIT,FELTCRAFT CUSHION BUTTERFLY,0.020194659865715923,0.021652006453963462,0.013792744495914225,0.6829896907216495,31.54394453806503,1.0,0.013355489590166147,3.086170906470424,0.9882556816758125,0.49165120593692024,0.6759738749712748,0.6600044607454402
FELTCRAFT CUSHION BUTTERFLY,FELTCRAFT CUSHION RABBIT,0.021652006453963462,0.020194659865715923,0.013792744495914225,0.6370192307692308,31.54394453806503,1.0,0.013355489590166147,2.6993312681845185,0.9897277867503946,0.49165120593692024,0.629537874144448,0.6600044607454402
FELTCRAFT CUSHION RABBIT,FELTCRAFT CUSHION OWL,0.020194659865715923,0.020246707958153334,0.012387446000104095,0.61340206185567,30.29638512707709,1.0,0.011978570619488704,2.5342951820815762,0.9869233430423962,0.4415584415584415,0.6054129735674133,0.6126136273288633
FELTCRAFT CUSHION OWL,FELTCRAFT CUSHION RABBIT,0.020246707958153334,0.020194659865715923,0.012387446000104095,0.6118251928020565,30.29638512707709,1.0,0.011978570619488704,2.524134286836003,0.9869757720342706,0.4415584415584415,0.6038245646377642,0.6126136273288633
PINK 3 PIECE MINI DOTS CUTLERY SET,BLUE 3 PIECE MINI DOTS CUTLERY SET,0.021652006453963462,0.023161401134648416,0.01488575443709988,0.6875,29.68300561797753,1.0,0.014384263630249635,3.125883516369125,0.9876962958305725,0.49739130434782597,0.6800904465046889,0.6650983146067415
BLUE 3 PIECE MINI DOTS CUTLERY SET,PINK 3 PIECE MINI DOTS CUTLERY SET,0.023161401134648416,0.021652006453963462,0.01488575443709988,0.6426966292134831,29.68300561797753,1.0,0.014384263630249635,2.738143755521926,0.9892224676431837,0.49739130434782597,0.6347890800169522,0.6650983146067415
SET/10 RED SPOTTY PARTY CANDLES,SET/10 PINK SPOTTY PARTY CANDLES,0.018216832353094257,0.018893457554780616,0.010201426117732785,0.56,29.63988980716254,1.0,0.009857247168887045,2.229787596466408,0.9841905165819707,0.37911025145067695,0.5515267904509285,0.5499724517906337
SET/10 PINK SPOTTY PARTY CANDLES,SET/10 RED SPOTTY PARTY CANDLES,0.018893457554780616,0.018216832353094257,0.010201426117732785,0.5399449035812672,29.63988980716254,1.0,0.009857247168887045,2.1340556278792024,0.9848692686623722,0.37911025145067695,0.5314086535814498,0.5499724517906337
FELTCRAFT CUSHION OWL,FELTCRAFT CUSHION BUTTERFLY,0.020246707958153334,0.021652006453963462,0.012751782647165982,0.6298200514138818,29.088299634170458,1.0,0.012313400795784532,2.6428983992320014,0.9855765978299522,0.43750000000000006,0.6216275282127419,0.6093811795530948
FELTCRAFT CUSHION BUTTERFLY,FELTCRAFT CUSHION OWL,0.021652006453963462,0.020246707958153334,0.012751782647165982,0.5889423076923077,29.088299634170458,1.0,0.012313400795784532,2.383493388826949,0.9869922794888025,0.43750000000000006,0.5804477559335055,0.6093811795530948
DOLLY GIRL LUNCH BOX,SPACEBOY LUNCH BOX ,0.020975381252277103,0.02212043928590017,0.013376359756414928,0.6377171215880894,28.829315428404616,1.0,0.012912375108925324,2.6992154997793305,0.9859947002277537,0.4500875656742558,0.629521985153926,0.6212115019705153
SPACEBOY LUNCH BOX ,DOLLY GIRL LUNCH BOX,0.02212043928590017,0.020975381252277103,0.013376359756414928,0.6047058823529412,28.829315428404616,1.0,0.012912375108925324,2.4766991843320376,0.9871492607666621,0.4500875656742558,0.5962367951965476,0.6212115019705153
TOILET METAL SIGN,KITCHEN METAL SIGN,0.022588872117836882,0.017227918596783427,0.011138291781606205,0.49308755760368667,28.621423698609163,1.0,0.01074913253156696,1.9387412878590726,0.9873645894972164,0.38838475499092556,0.48420142168412417,0.5698066186809975
KITCHEN METAL SIGN,TOILET METAL SIGN,0.017227918596783427,0.022588872117836882,0.011138291781606205,0.6465256797583082,28.62142369860916,1.0,0.01074913253156696,2.7651545583674877,0.9819785841631302,0.38838475499092556,0.6383565623939707,0.5698066186809975
RED 3 PIECE MINI DOTS CUTLERY SET,BLUE 3 PIECE MINI DOTS CUTLERY SET,0.023942122521209596,0.023161401134648416,0.01535418726903659,0.641304347826087,27.688495359062046,1.0,0.014799654165307954,2.7233076089579504,0.9875274193417188,0.48360655737704916,0.632799469031469,0.6521128480703469
BLUE 3 PIECE MINI DOTS CUTLERY SET,RED 3 PIECE MINI DOTS CUTLERY SET,0.023161401134648416,0.023942122521209596,0.01535418726903659,0.6629213483146067,27.688495359062042,1.0,0.014799654165307954,2.8956383698537445,0.9867381550999175,0.48360655737704916,0.6546530083276563,0.6521128480703469
KITCHEN METAL SIGN,BATHROOM METAL SIGN,0.017227918596783427,0.02899078748763858,0.013636600218601988,0.7915407854984895,27.303183324564593,1.0,0.013137149291708302,4.658029700602778,0.9802621099621515,0.4185303514376996,0.7853169549626114,0.6309589026235715
BATHROOM METAL SIGN,KITCHEN METAL SIGN,0.02899078748763858,0.017227918596783427,0.013636600218601988,0.4703770197486535,27.303183324564593,1.0,0.013137149291708302,1.8556069469206493,0.9921370690558182,0.4185303514376996,0.46109276985652364,0.6309589026235715
TOILET METAL SIGN,BATHROOM METAL SIGN,0.022588872117836882,0.02899078748763858,0.017488159058970488,0.7741935483870968,26.70481264840447,1.0,0.016833289867816834,4.300183655411885,0.9847990663329605,0.5129770992366411,0.7674517927294859,0.688712573116349
BATHROOM METAL SIGN,TOILET METAL SIGN,0.02899078748763858,0.022588872117836882,0.017488159058970488,0.6032315978456014,26.70481264840447,1.0,0.016833289867816834,2.4634298562459946,0.9912918989422528,0.5129770992366411,0.5940619143408883,0.688712573116349
"WOODEN PICTURE FRAME WHITE FINISH, WOOD S/3 CABINET ANT WHITE FINISH",WOOD 2 DRAWER CABINET WHITE FINISH,0.013584552126164577,0.03023994170613647,0.010826003226981731,0.7969348659003831,26.35371700265759,1.0,0.010415207162582542,4.775610853107516,0.9753037532064812,0.3280757097791798,0.7906027038720513,0.5774691541205874
EDWARDIAN PARASOL RED,EDWARDIAN PARASOL BLACK,0.019153698016967678,0.02664862332795503,0.013428407848852339,0.7010869565217391,26.308561905570652,1.0,0.012917988165060769,3.2563027874119324,0.9807750292574471,0.4147909967845659,0.6929032509305478,0.6024966032608696
EDWARDIAN PARASOL BLACK,EDWARDIAN PARASOL RED,0.02664862332795503,0.019153698016967678,0.013428407848852339,0.50390625,26.308561905570652,1.0,0.012917988165060769,1.9771390024224904,0.9883271176063628,0.4147909967845659,0.4942186670867604,0.6024966032608696
FELTCRAFT DOLL EMILY,FELTCRAFT DOLL ROSIE,0.01868526518503097,0.023161401134648416,0.010878051319419144,0.5821727019498607,25.135469938343086,1.0,0.01044527439716136,2.337900379951075,0.9784990988421225,0.3512605042016807,0.5722657780564084,0.5259178116490877
FELTCRAFT DOLL ROSIE,FELTCRAFT DOLL EMILY,0.023161401134648416,0.01868526518503097,0.010878051319419144,0.4696629213483146,25.135469938343086,1.0,0.01044527439716136,1.8503604109858525,0.9829828436471322,0.3512605042016807,0.4595647452988846,0.5259178116490877
FELTCRAFT DOLL EMILY,FELTCRAFT DOLL MOLLY,0.01868526518503097,0.021756102638838287,0.010149378025295372,0.543175487465181,24.966580480068234,1.0,0.009742859478095927,2.141399750930835,0.9782248478864582,0.3350515463917525,0.5330157297509189,0.5048413322493368
FELTCRAFT DOLL MOLLY,FELTCRAFT DOLL EMILY,0.021756102638838287,0.01868526518503097,0.010149378025295372,0.46650717703349276,24.966580480068234,1.0,0.009742859478095927,1.8394150634648296,0.9812956255414356,0.3350515463917525,0.45634891229152946,0.5048413322493368
PINK 3 PIECE MINI DOTS CUTLERY SET,RED 3 PIECE MINI DOTS CUTLERY SET,0.021652006453963462,0.023942122521209596,0.012387446000104095,0.5721153846153846,23.895767140468227,1.0,0.011869051008753281,2.281124028265038,0.9793566200220579,0.3730407523510971,0.5616196280390009,0.5447533444816053
RED 3 PIECE MINI DOTS CUTLERY SET,PINK 3 PIECE MINI DOTS CUTLERY SET,0.023942122521209596,0.021652006453963462,0.012387446000104095,0.5173913043478261,23.895767140468227,1.0,0.011869051008753281,2.02720755419449,0.9816544759001026,0.3730407523510971,0.5067105990548908,0.5447533444816053
"WOODEN FRAME ANTIQUE WHITE , WOOD S/3 CABINET ANT WHITE FINISH",WOOD 2 DRAWER CABINET WHITE FINISH,0.01634310102534742,0.03023994170613647,0.011658772705980326,0.7133757961783439,23.59051492594582,1.0,0.01116455828367632,3.3833850922697013,0.9735204243610773,0.33383010432190763,0.7044380191055454,0.5494589824265214
FELTCRAFT DOLL MOLLY,FELTCRAFT DOLL ROSIE,0.021756102638838287,0.023161401134648416,0.011606724613542913,0.5334928229665071,23.033702489113487,1.0,0.011102822793198196,2.093941201670343,0.9778597733153437,0.34843749999999996,0.5224316713371431,0.5173082092360626
FELTCRAFT DOLL ROSIE,FELTCRAFT DOLL MOLLY,0.023161401134648416,0.021756102638838287,0.011606724613542913,0.5011235955056179,23.033702489113484,1.0,0.011102822793198196,1.9608942987644906,0.979266540892044,0.34843749999999996,0.49002860550409344,0.5173082092360626
HAND WARMER RED RETROSPOT,HAND WARMER UNION JACK,0.020246707958153334,0.02227658356321241,0.010357570395045021,0.5115681233933161,22.96438867933594,1.0,0.00990654291333526,2.0017600473363704,0.9762195486570122,0.32200647249190933,0.5004396249537282,0.4882606972106767
HAND WARMER UNION JACK,HAND WARMER RED RETROSPOT,0.02227658356321241,0.020246707958153334,0.010357570395045021,0.4649532710280373,22.96438867933594,1.0,0.00990654291333526,1.831154624427556,0.9782463020452274,0.32200647249190933,0.4538964723895921,0.4882606972106767
"WOOD 2 DRAWER CABINET WHITE FINISH, WOODEN FRAME ANTIQUE WHITE ",WOOD S/3 CABINET ANT WHITE FINISH,0.015458283453911413,0.03455993337844168,0.011658772705980326,0.7542087542087542,21.823212040079508,1.0,0.01112453545966808,3.927886298446614,0.9691587620457359,0.3039348710990502,0.7454101458090892,0.5457790758995578
"WOODEN PICTURE FRAME WHITE FINISH, WOOD 2 DRAWER CABINET WHITE FINISH",WOOD S/3 CABINET ANT WHITE FINISH,0.014469369697600582,0.03455993337844168,0.010826003226981731,0.7482014388489209,21.649388922596863,1.0,0.010325942774204611,3.8341762645827604,0.9678129633767342,0.2833787465940054,0.7391877861126916,0.5307272254485568
EDWARDIAN PARASOL RED,EDWARDIAN PARASOL NATURAL,0.019153698016967678,0.025815853848956436,0.010253474210170197,0.5353260869565217,20.73633086430575,1.0,0.009759005141497114,2.0964898583835323,0.9703614714212794,0.29535232383808097,0.5230122406740211,0.46625175315568024
LARGE POPCORN HOLDER ,SMALL POPCORN HOLDER,0.019986467495966272,0.03528860667256545,0.01415708114297611,0.7083333333333334,20.072578662733534,1.0,0.013451786552736943,3.307581919979776,0.9695588469601023,0.34430379746835443,0.6976643287474149,0.5547566371681416
SMALL POPCORN HOLDER,LARGE POPCORN HOLDER ,0.03528860667256545,0.019986467495966272,0.01415708114297611,0.4011799410029499,20.072578662733534,1.0,0.013451786552736943,1.6365743227530418,0.9849378758787033,0.34430379746835443,0.3889675610223419,0.5547566371681416
EDWARDIAN PARASOL NATURAL,EDWARDIAN PARASOL BLACK,0.025815853848956436,0.02664862332795503,0.013740696403476813,0.532258064516129,19.973191784274192,1.0,0.013052739438366434,2.080958115643682,0.9751060857007323,0.3548387096774193,0.5194521252097956,0.5239415322580645
EDWARDIAN PARASOL BLACK,EDWARDIAN PARASOL NATURAL,0.02664862332795503,0.025815853848956436,0.013740696403476813,0.515625,19.973191784274192,1.0,0.013052739438366434,2.011218882376348,0.9759403564547674,0.3548387096774193,0.5027890754394401,0.5239415322580645
HAND WARMER BIRD DESIGN,HAND WARMER OWL DESIGN,0.02706500806745433,0.028574402748139282,0.015198042991724354,0.5615384615384615,19.65180047639064,1.0,0.014424676550823275,2.2155320639077525,0.9755164375500609,0.3758043758043758,0.548641152032708,0.5467072999859885
HAND WARMER OWL DESIGN,HAND WARMER BIRD DESIGN,0.028574402748139282,0.02706500806745433,0.015198042991724354,0.5318761384335154,19.651800476390637,1.0,0.014424676550823275,2.078370858252792,0.9770321885513977,0.3758043758043758,0.5188539157825459,0.5467072999859885
HAND WARMER OWL DESIGN,HAND WARMER SCOTTY DOG DESIGN,0.028574402748139282,0.02784572945401551,0.015562379638786239,0.5446265938069217,19.558711676284837,1.0,0.014766704550551474,2.134850778118982,0.976782875336706,0.38089171974522296,0.5315831859306342,0.5517525492399095
HAND WARMER SCOTTY DOG DESIGN,HAND WARMER OWL DESIGN,0.02784572945401551,0.028574402748139282,0.015562379638786239,0.5588785046728972,19.558711676284833,1.0,0.014766704550551474,2.2021724344480744,0.9760507326953786,0.38089171974522296,0.5459029527582713,0.5517525492399095
HAND WARMER RED RETROSPOT,HAND WARMER OWL DESIGN,0.020246707958153334,0.028574402748139282,0.010721907042106908,0.5295629820051414,18.532775178988672,1.0,0.010143369454586677,2.0649429362348295,0.9655915913995352,0.28142076502732244,0.5157251164415335,0.45239533435411894
"WOOD 2 DRAWER CABINET WHITE FINISH, WOODEN FRAME ANTIQUE WHITE ",WOODEN PICTURE FRAME WHITE FINISH,0.015458283453911413,0.04257533961380315,0.012075157445479623,0.7811447811447811,18.3473529097001,1.0,0.01141701577758291,4.3746942174569305,0.960341455144705,0.26274065685164216,0.7714125947341495,0.5323816815259358
HAND WARMER RED RETROSPOT,HAND WARMER SCOTTY DOG DESIGN,0.020246707958153334,0.02784572945401551,0.010097329932857961,0.49871465295629824,17.909915191120298,1.0,0.00953354558072076,1.9393231345763486,0.9636762785827261,0.26575342465753427,0.48435617449669977,0.4306657376931024
WOOD 2 DRAWER CABINET WHITE FINISH,WOOD S/3 CABINET ANT WHITE FINISH,0.03023994170613647,0.03455993337844168,0.018372976630406497,0.6075731497418244,17.580275490948303,1.0,0.01732788625967446,2.4601784153821287,0.9725272369446941,0.3957399103139013,0.5935254151700724,0.5695998278829604
WOOD S/3 CABINET ANT WHITE FINISH,WOOD 2 DRAWER CABINET WHITE FINISH,0.03455993337844168,0.03023994170613647,0.018372976630406497,0.5316265060240964,17.580275490948303,1.0,0.01732788625967446,2.0704844974505643,0.9768789411156149,0.3957399103139013,0.5170212569901763,0.5695998278829604
HAND WARMER BIRD DESIGN,HAND WARMER SCOTTY DOG DESIGN,0.02706500806745433,0.02784572945401551,0.01322021547910269,0.48846153846153845,17.541703810208485,1.0,0.01246657058678561,1.9004519574583156,0.9692250794120162,0.31710362047440693,0.473809376724571,0.48161394680086267
HAND WARMER SCOTTY DOG DESIGN,HAND WARMER BIRD DESIGN,0.02784572945401551,0.02706500806745433,0.01322021547910269,0.4747663551401869,17.54170381020848,1.0,0.01246657058678561,1.8523851269890101,0.9700034484125076,0.31710362047440693,0.46015545826290116,0.48161394680086267
PLASTERS IN TIN STRONGMAN,PLASTERS IN TIN CIRCUS PARADE ,0.022224535470774995,0.031332951647322124,0.012179253630354447,0.5480093676814988,17.489873723030957,1.0,0.011482893335064458,2.143113106977168,0.9642541590800933,0.2943396226415095,0.533389069972846,0.4683568433091879
HAND WARMER UNION JACK,HAND WARMER OWL DESIGN,0.02227658356321241,0.028574402748139282,0.010878051319419144,0.48831775700934577,17.08934255996459,1.0,0.010241511248831332,1.8984938612958737,0.962934897919418,0.27213541666666663,0.4732666665999014,0.43450496229337965
"WOODEN FRAME ANTIQUE WHITE , WOOD S/3 CABINET ANT WHITE FINISH",WOODEN PICTURE FRAME WHITE FINISH,0.01634310102534742,0.04257533961380315,0.011658772705980326,0.7133757961783439,16.75561023468768,1.0,0.010962959629483465,3.3403482595696197,0.9559415464159101,0.2466960352422908,0.7006300175033716,0.49360721349259495
TOY TIDY PINK RETROSPOT  ,RECYCLING BAG RETROSPOT ,0.02133971789933899,0.03221776921875813,0.01150262842866809,0.5390243902439025,16.73065526616494,1.0,0.010815110322193785,2.0994217704778264,0.9607312109384682,0.27351485148514854,0.5236783698911529,0.44802592694747634
PINK BLUE FELT CRAFT TRINKET BOX,PINK CREAM FELT CRAFT TRINKET BOX ,0.029667412689324935,0.03716233800031229,0.01806068807578202,0.6087719298245614,16.381421691483613,1.0,0.016958177657826576,2.461064875963327,0.9676633038708042,0.3703308431163287,0.5936718248402237,0.5473831637918325
PINK CREAM FELT CRAFT TRINKET BOX ,PINK BLUE FELT CRAFT TRINKET BOX,0.03716233800031229,0.029667412689324935,0.01806068807578202,0.48599439775910364,16.381421691483613,1.0,0.016958177657826576,1.887786014549924,0.9751957929652091,0.3703308431163287,0.4702789445982759,0.5473831637918325
"WOODEN PICTURE FRAME WHITE FINISH, WOOD S/3 CABINET ANT WHITE FINISH",WOODEN FRAME ANTIQUE WHITE ,0.013584552126164577,0.05251652526934888,0.011658772705980326,0.8582375478927202,16.342237866861083,1.0,0.010945359230973816,6.683599646072967,0.9517378018904902,0.21414913957934992,0.8503800267887736,0.5401197650266376
PLASTERS IN TIN WOODLAND ANIMALS,PLASTERS IN TIN SPACEBOY,0.027741633269140687,0.031801384479258836,0.014313225420288346,0.5159474671669794,16.224056770342347,1.0,0.013431003074613805,2.0001932638471125,0.9651376289663228,0.3164556962025316,0.5000483112933649,0.4830146501137679
PLASTERS IN TIN SPACEBOY,PLASTERS IN TIN WOODLAND ANIMALS,0.031801384479258836,0.027741633269140687,0.014313225420288346,0.45008183306055644,16.224056770342347,1.0,0.013431003074613805,1.7680055418826044,0.9691845451613218,0.3164556962025316,0.43439091320088175,0.4830146501137679
"WOODEN PICTURE FRAME WHITE FINISH, WOOD 2 DRAWER CABINET WHITE FINISH",WOODEN FRAME ANTIQUE WHITE ,0.014469369697600582,0.05251652526934888,0.012075157445479623,0.8345323741007195,15.890852828143828,1.0,0.011315276426124031,5.726095782067849,0.9508286060297024,0.2199052132701422,0.8253609373542695,0.5322314992406472
STRAWBERRY CHARLOTTE BAG,RED SPOTTY CHARLOTTE BAG,0.026284286680893144,0.030552230260760944,0.01269973455472857,0.4831683168316832,15.814502336093916,1.0,0.01189669097581407,1.8757514318709414,0.96205379832245,0.28773584905660377,0.4668803216625754,0.44942061497461505
RED SPOTTY CHARLOTTE BAG,STRAWBERRY CHARLOTTE BAG,0.030552230260760944,0.026284286680893144,0.01269973455472857,0.41567291311754684,15.814502336093916,1.0,0.01189669097581407,1.666388115796839,0.9662891903262318,0.28773584905660377,0.3998997049244936,0.44942061497461505
PLASTERS IN TIN SKULLS,PLASTERS IN TIN WOODLAND ANIMALS,0.0256597095716442,0.027741633269140687,0.010930099411856556,0.4259634888438134,15.354665124120425,1.0,0.010218257159127345,1.6937221724322038,0.9594935388685389,0.25735294117647056,0.40958439567217275,0.40997986824929883
SINGLE HEART ZINC T-LIGHT HOLDER,HANGING HEART ZINC T-LIGHT HOLDER,0.025867901941393847,0.038567636496122416,0.015302139176599177,0.5915492957746479,15.337971146718367,1.0,0.01430447533760616,2.353851648578459,0.9596258358013008,0.31144067796610175,0.5751643904135074,0.4941552146889434
"LUNCH BAG RED SPOTTY, LUNCH BAG SUKI  DESIGN ",LUNCH BAG PINK RETROSPOT,0.018372976630406497,0.03799510747931088,0.010617810857232082,0.5779036827195467,15.209949939850208,1.0,0.00991972763544492,2.2791122621463304,0.9517398581914208,0.23208191126279862,0.5612326708916654,0.4286778687570336
PLASTERS IN TIN SPACEBOY,PLASTERS IN TIN CIRCUS PARADE ,0.031801384479258836,0.031332951647322124,0.014989850621974705,0.4713584288052373,15.043537363181105,1.0,0.013993419379768187,1.8323701750572325,0.9641888118362422,0.31135135135135145,0.4542587444325949,0.4748818722099276
PLASTERS IN TIN CIRCUS PARADE ,PLASTERS IN TIN SPACEBOY,0.031332951647322124,0.031801384479258836,0.014989850621974705,0.47840531561461797,15.043537363181104,1.0,0.013993419379768187,1.8562279189283,0.9637225446122065,0.31135135135135145,0.4612730528386009,0.4748818722099276
ROUND SNACK BOXES SET OF 4 FRUITS ,ROUND SNACK BOXES SET OF4 WOODLAND ,0.02836621037838963,0.029563316504450113,0.012543590277416333,0.44220183486238535,14.957788473963046,1.0,0.011704991021968182,1.7397631332403771,0.9603877583136474,0.27637614678899086,0.42520910985309784,0.43324880475513633
ROUND SNACK BOXES SET OF4 WOODLAND ,ROUND SNACK BOXES SET OF 4 FRUITS ,0.029563316504450113,0.02836621037838963,0.012543590277416333,0.4242957746478873,14.957788473963044,1.0,0.011704991021968182,1.6877308639298918,0.9615724683399929,0.27637614678899086,0.407488467876037,0.43324880475513633
"WOODEN FRAME ANTIQUE WHITE , WHITE HANGING HEART T-LIGHT HOLDER",WOODEN PICTURE FRAME WHITE FINISH,0.02300525685733618,0.04257533961380315,0.014313225420288346,0.6221719457013575,14.613434709975772,1.0,0.013333768796684485,2.5340221550341258,0.9535054557077892,0.27918781725888325,0.6053704589703822,0.47917888238613104
HOT WATER BOTTLE I AM SO POORLY,CHOCOLATE HOT WATER BOTTLE,0.017852495706032374,0.041690522042367145,0.010826003226981731,0.6064139941690961,14.545608077366847,1.0,0.010081723361238124,2.4348159328849484,0.9481780706045412,0.22222222222222224,0.5892913355404543,0.43304469995595885
PLASTERS IN TIN WOODLAND ANIMALS,PLASTERS IN TIN CIRCUS PARADE ,0.027741633269140687,0.031332951647322124,0.012595638369853744,0.4540337711069418,14.490616020394807,1.0,0.011726411116014017,1.7742252122748359,0.9575539313713346,0.270996640537514,0.43637369535638454,0.4280135632943347
PLASTERS IN TIN CIRCUS PARADE ,PLASTERS IN TIN WOODLAND ANIMALS,0.031332951647322124,0.027741633269140687,0.012595638369853744,0.40199335548172754,14.490616020394805,1.0,0.011726411116014017,1.6258320465888259,0.9611040480369959,0.270996640537514,0.3849303179266826,0.4280135632943347
PLASTERS IN TIN STRONGMAN,PLASTERS IN TIN SPACEBOY,0.022224535470774995,0.031801384479258836,0.010201426117732785,0.45901639344262296,14.433849373507552,1.0,0.009494655120353744,1.7897004711140976,0.9518733555383188,0.23277909738717334,0.4412472834756002,0.38990099541198253
JUMBO BAG SCANDINAVIAN PAISLEY,JUMBO BAG PINK VINTAGE PAISLEY,0.033518971529693437,0.033310779159943786,0.015978764378285534,0.4767080745341615,14.310925368788821,1.0,0.014862221319991473,1.8473230214272882,0.9623813497435306,0.31422722620266114,0.4586761554958727,0.47819778726708073
JUMBO BAG PINK VINTAGE PAISLEY,JUMBO BAG SCANDINAVIAN PAISLEY,0.033310779159943786,0.033518971529693437,0.015978764378285534,0.4796875,14.31092536878882,1.0,0.014862221319991473,1.8575010757387276,0.9621740851444366,0.31422722620266114,0.46164230370509984,0.47819778726708073
"LUNCH BAG SPACEBOY DESIGN , LUNCH BAG CARS BLUE",LUNCH BAG SUKI  DESIGN ,0.01629105293291001,0.04965388018529121,0.011294436058918441,0.6932907348242812,13.96246843624624,1.0,0.010485522068495491,3.0985243281458734,0.9437541755053277,0.20666666666666667,0.677265725843634,0.46037702359662697
"WOODEN PICTURE FRAME WHITE FINISH, WOODEN FRAME ANTIQUE WHITE ",WOOD 2 DRAWER CABINET WHITE FINISH,0.028834643210326343,0.03023994170613647,0.012075157445479623,0.41877256317689526,13.848325742371236,1.0,0.01120319951568211,1.6684691686173925,0.9553358737856004,0.25692137320044295,0.40064819967355564,0.40904204750927375
"WOOD 2 DRAWER CABINET WHITE FINISH, WOOD S/3 CABINET ANT WHITE FINISH",WOODEN PICTURE FRAME WHITE FINISH,0.018372976630406497,0.04257533961380315,0.010826003226981731,0.5892351274787535,13.839822132334097,1.0,0.010043767507225706,2.3308338283884655,0.9451092054816871,0.21599169262720666,0.5709689863685399,0.42175692804255527
VINTAGE HEADS AND TAILS CARD GAME ,VINTAGE SNAP CARDS,0.03076042263051059,0.04090980065580596,0.017384062874095666,0.5651438240270729,13.81438713871775,1.0,0.016125660116193135,2.205534271643653,0.9570509930627416,0.3202301054650048,0.5465951208027433,0.4950401053977604
VINTAGE SNAP CARDS,VINTAGE HEADS AND TAILS CARD GAME ,0.04090980065580596,0.03076042263051059,0.017384062874095666,0.4249363867684479,13.81438713871775,1.0,0.016125660116193135,1.6854475836557938,0.9671787916000635,0.3202301054650048,0.40668579094523627,0.4950401053977604
PLASTERS IN TIN VINTAGE PAISLEY ,PLASTERS IN TIN SPACEBOY,0.028158018008639984,0.031801384479258836,0.012335397907666685,0.43807763401109057,13.775426484869202,1.0,0.01143993395080003,1.7230113519628978,0.9542775301089382,0.25901639344262295,0.4196207710060791,0.4129831705243669
PLASTERS IN TIN SKULLS,PLASTERS IN TIN SPACEBOY,0.0256597095716442,0.031801384479258836,0.011190339874043616,0.43610547667342797,13.713411658472294,1.0,0.01037432558432964,1.716985314574552,0.9514937388193202,0.2418447694038245,0.4175838363254796,0.3939938185331133
"WOODEN PICTURE FRAME WHITE FINISH, WHITE HANGING HEART T-LIGHT HOLDER",WOODEN FRAME ANTIQUE WHITE ,0.01993441940352886,0.05251652526934888,0.014313225420288346,0.7180156657963446,13.672185319073506,1.0,0.013266338979953125,3.3600571372392527,0.945711002751895,0.2461951656222023,0.7023860133457025,0.495281371054763
WOODLAND CHARLOTTE BAG,RED SPOTTY CHARLOTTE BAG,0.028262114193514806,0.030552230260760944,0.011658772705980326,0.4125230202578269,13.502222807859672,1.0,0.010795302085484142,1.6501885234119338,0.9528681899915832,0.2472406181015453,0.3940086324607338,0.39706219155991856
"LUNCH BAG WOODLAND, LUNCH BAG SUKI  DESIGN ",LUNCH BAG SPACEBOY DESIGN ,0.016863581949721543,0.04731171602560766,0.01056576276479467,0.6265432098765431,13.24287644813864,1.0,0.009767917764414881,2.551000033121513,0.9403452944046723,0.19708737864077672,0.6079968690645773,0.4249327710548832
PACK OF 60 SPACEBOY CAKE CASES,PACK OF 60 DINOSAUR CAKE CASES,0.026700671420392442,0.031801384479258836,0.011242387966481028,0.4210526315789474,13.240072357653546,1.0,0.010393269648786771,1.6723430631721892,0.9498328877005349,0.23788546255506604,0.40203656652651953,0.3872857265914377
"PACK OF 60 PINK PAISLEY CAKE CASES, 60 TEATIME FAIRY CAKE CASES",PACK OF 60 DINOSAUR CAKE CASES,0.024358507260708893,0.031801384479258836,0.010201426117732785,0.4188034188034188,13.169345475401123,1.0,0.009426791862994163,1.66587114729304,0.9471369235877867,0.2219705549263873,0.39971347626438475,0.36979450809238046
WOODEN FRAME ANTIQUE WHITE ,WOODEN PICTURE FRAME WHITE FINISH,0.05251652526934888,0.04257533961380315,0.028834643210326343,0.5490584737363727,12.896161926524364,1.0,0.02659873431164694,2.123168093032248,0.9735869531590233,0.4351924587588375,0.5290057328565877,0.6131600437141522
WOODEN PICTURE FRAME WHITE FINISH,WOODEN FRAME ANTIQUE WHITE ,0.04257533961380315,0.05251652526934888,0.028834643210326343,0.6772616136919316,12.896161926524362,1.0,0.02659873431164694,2.9357631906427,0.963477950274904,0.4351924587588375,0.6593730709658912,0.6131600437141522
SET/6 RED SPOTTY PAPER PLATES,SET/20 RED SPOTTY PAPER NAPKINS ,0.019882371311091447,0.04064956019361891,0.01030552230260761,0.518324607329843,12.751050807462576,1.0,0.009497312653205517,1.9916949348154218,0.9402698859445714,0.20518134715025907,0.4979150759889471,0.3859228670452032
"LUNCH BAG SUKI  DESIGN , LUNCH BAG CARS BLUE",LUNCH BAG SPACEBOY DESIGN ,0.01899755373965544,0.04731171602560766,0.011294436058918441,0.5945205479452055,12.566032219660324,1.0,0.010395629191206643,2.349535294936846,0.938244740362874,0.2052980132450331,0.5743839208736469,0.41662221016622214
COOK WITH WINE METAL SIGN ,GIN + TONIC DIET METAL SIGN,0.033466923437256026,0.0389319731431843,0.016186956748035185,0.4836702954898911,12.423472442843956,1.0,0.014884023383590928,1.861345606231724,0.9513458245242213,0.287962962962963,0.46275425871905107,0.44972284827970493
GIN + TONIC DIET METAL SIGN,COOK WITH WINE METAL SIGN ,0.0389319731431843,0.033466923437256026,0.016186956748035185,0.41577540106951877,12.423472442843956,1.0,0.014884023383590928,1.6543861356268479,0.9567555895702567,0.287962962962963,0.39554619174737016,0.44972284827970493
"LUNCH BAG SPACEBOY DESIGN , LUNCH BAG WOODLAND",LUNCH BAG SUKI  DESIGN ,0.01727996668922084,0.04965388018529121,0.01056576276479467,0.6114457831325301,12.3141591523326,1.0,0.009707745369202275,2.4458520292905677,0.9349485486360908,0.18744228993536471,0.5911445222260421,0.41211702154530067
"PACK OF 60 PINK PAISLEY CAKE CASES, 60 TEATIME FAIRY CAKE CASES",72 SWEETHEART FAIRY CAKE CASES,0.024358507260708893,0.03612137615156404,0.010773955134544318,0.4423076923076923,12.245039902460652,1.0,0.009894092331289649,1.728334084142023,0.941262017697473,0.2167539267015707,0.42140815877248733,0.3702892928397251
"WOOD 2 DRAWER CABINET WHITE FINISH, WOOD S/3 CABINET ANT WHITE FINISH",WOODEN FRAME ANTIQUE WHITE ,0.018372976630406497,0.05251652526934888,0.011658772705980326,0.6345609065155807,12.083071057367544,1.0,0.010693887814496426,2.5927260975187583,0.9344074287986668,0.1968365553602812,0.6143055755264696,0.42828144433806786
"HEART OF WICKER SMALL, WHITE HANGING HEART T-LIGHT HOLDER",HEART OF WICKER LARGE,0.016499245302659657,0.051891948160099934,0.010253474210170197,0.6214511041009464,11.975867666089751,1.0,0.00939729622824381,2.5045854369437364,0.9318739603794427,0.17636526410026857,0.6007323266958434,0.4095219412179757
"72 SWEETHEART FAIRY CAKE CASES, 60 TEATIME FAIRY CAKE CASES",PACK OF 60 PINK PAISLEY CAKE CASES,0.018789361369905794,0.04830062978191849,0.010773955134544318,0.5734072022160664,11.871629931225522,1.0,0.009866417147177817,2.2309316405761517,0.9333017114754031,0.19131238447319776,0.5517567720086018,0.3982337735218263
CHOCOLATE THIS WAY METAL SIGN,HAND OVER THE CHOCOLATE   SIGN ,0.022901160672461354,0.03799510747931088,0.01030552230260761,0.45,11.843630136986302,1.0,0.009435390241456473,1.749099804583071,0.9370253969945015,0.20370370370370372,0.42827733593031436,0.3606164383561644
"PACK OF 60 PINK PAISLEY CAKE CASES, 72 SWEETHEART FAIRY CAKE CASES",60 TEATIME FAIRY CAKE CASES,0.015406235361474003,0.059126633008900226,0.010773955134544318,0.6993243243243242,11.827568876094402,1.0,0.009863036310277703,3.129196816060286,0.9297761209085507,0.16897959183673467,0.6804291775871684,0.44077131709173956
FELTCRAFT BUTTERFLY HEARTS,FELTCRAFT 6 FLOWER FRIENDS,0.03221776921875813,0.03919221360537136,0.014833706344662467,0.4604200323101777,11.747742471149328,1.0,0.01357102065155234,1.780658741851123,0.9453338088687353,0.26218951241950317,0.43841008021535455,0.41945304404353506
KNITTED UNION FLAG HOT WATER BOTTLE,RED WOOLLY HOTTIE WHITE HEART.,0.02545151720189455,0.037006193723000055,0.01103419559673138,0.4335378323108385,11.71527759801426,1.0,0.010092331820613802,1.7000143367128269,0.9385283442096312,0.2145748987854251,0.4117696666408031,0.3658547108108341
"WOODEN PICTURE FRAME WHITE FINISH, WOODEN FRAME ANTIQUE WHITE ",WOOD S/3 CABINET ANT WHITE FINISH,0.028834643210326343,0.03455993337844168,0.011658772705980326,0.4043321299638989,11.699447609934321,1.0,0.010662249357640312,1.6207690815404343,0.9416788527941323,0.22535211267605632,0.3830089607524066,0.37084076377713016
"LUNCH BAG  BLACK SKULL., LUNCH BAG SUKI  DESIGN ",LUNCH BAG SPACEBOY DESIGN ,0.019986467495966272,0.04731171602560766,0.010930099411856556,0.546875,11.558976210121013,1.0,0.009984505337332363,2.1024844887710725,0.9321168713913949,0.19390581717451524,0.5243722342111014,0.3889490511551155
"LUNCH BAG  BLACK SKULL., LUNCH BAG SPACEBOY DESIGN ",LUNCH BAG SUKI  DESIGN ,0.019205746109405092,0.04965388018529121,0.010930099411856556,0.5691056910569106,11.461454551652434,1.0,0.009976459595671033,2.2055202403247014,0.9306243745640902,0.18867924528301888,0.5465922362821853,0.39461573861021626
"HEART OF WICKER LARGE, WHITE HANGING HEART T-LIGHT HOLDER",HEART OF WICKER SMALL,0.019778275126216625,0.045490032790298236,0.010253474210170197,0.5184210526315789,11.396365771407924,1.0,0.009353759826143063,1.9820425548616756,0.9306595696451391,0.18637653736991486,0.4954699647860039,0.3719107551487414
"60 TEATIME FAIRY CAKE CASES, PACK OF 60 DINOSAUR CAKE CASES",PACK OF 60 PINK PAISLEY CAKE CASES,0.018581169000156144,0.04830062978191849,0.010201426117732785,0.5490196078431373,11.366717376605816,1.0,0.009303943952940982,2.1102899078748765,0.9292911691617673,0.17998163452708907,0.5261314588728574,0.38011325219743075
"PACK OF 60 PINK PAISLEY CAKE CASES, PACK OF 60 DINOSAUR CAKE CASES",60 TEATIME FAIRY CAKE CASES,0.015198042991724354,0.059126633008900226,0.010201426117732785,0.6712328767123287,11.352462377001734,1.0,0.00930281700730761,2.861823157931261,0.9259865671335918,0.1590909090909091,0.6505723991964358,0.42188404398996715
"LUNCH BAG PINK RETROSPOT, LUNCH BAG SUKI  DESIGN ",LUNCH BAG RED SPOTTY,0.01707177431947119,0.05506688179878207,0.010617810857232082,0.6219512195121951,11.294469546774863,1.0,0.009677721478686278,2.499500506209673,0.9272916050190264,0.17258883248730963,0.5999200650227378,0.4073839273364378
WOOD 2 DRAWER CABINET WHITE FINISH,WOODEN PICTURE FRAME WHITE FINISH,0.03023994170613647,0.04257533961380315,0.014469369697600582,0.47848537005163505,11.238556741811815,1.0,0.013181893909560212,1.83585388674713,0.9394288776793077,0.247992863514719,0.45529434165817145,0.4091693353925657
STRAWBERRY CERAMIC TRINKET BOX,SWEETHEART CERAMIC TRINKET BOX,0.06948420340394525,0.042054858689429035,0.03237391349607037,0.4659176029962547,11.078805577186932,1.0,0.029451765140769907,1.7936279995085724,0.9776701969655712,0.4089414858645628,0.4424707908919881,0.6178597915971372
SWEETHEART CERAMIC TRINKET BOX,STRAWBERRY CERAMIC TRINKET BOX,0.042054858689429035,0.06948420340394525,0.03237391349607037,0.7698019801980197,11.07880557718693,1.0,0.029451765140769907,4.04224066478286,0.9496760544064374,0.4089414858645628,0.7526124536046847,0.6178597915971372
CHOCOLATE HOT WATER BOTTLE,HOT WATER BOTTLE TEA AND SYMPATHY,0.041690522042367145,0.043772445739863636,0.020090563680841098,0.4818976279650437,11.009154727814964,1.0,0.018265667566874994,1.845634387861131,0.9487190996185187,0.3073248407643312,0.4581808799310028,0.47043751790642196
HOT WATER BOTTLE TEA AND SYMPATHY,CHOCOLATE HOT WATER BOTTLE,0.043772445739863636,0.041690522042367145,0.020090563680841098,0.4589774078478002,11.009154727814964,1.0,0.018265667566874994,1.7712929032139981,0.9507846757117444,0.3073248407643312,0.4354406331186066,0.47043751790642196
JUMBO BAG SPACEBOY DESIGN,JUMBO BAG PINK WITH WHITE SPOTS,0.02633633477333056,0.037058241815437466,0.010669858949669495,0.4051383399209486,10.932476018119642,1.0,0.009693880687107097,1.6187658792072712,0.9331039509144223,0.2023692003948667,0.3822454421329218,0.34652984411777765
"LUNCH BAG SPACEBOY DESIGN , LUNCH BAG SUKI  DESIGN ",LUNCH BAG WOODLAND,0.023629833966585124,0.0410659449331182,0.01056576276479467,0.44713656387665196,10.888257036453883,1.0,0.00959538130434416,1.7344862988062324,0.9301369168743174,0.1951923076923077,0.4234604212853948,0.3522121349167797
HEART OF WICKER SMALL,HEART OF WICKER LARGE,0.045490032790298236,0.051891948160099934,0.025555613386769375,0.5617848970251716,10.826051380686682,1.0,0.023195046963413974,2.1635677214309994,0.9508860564372124,0.35579710144927534,0.5378004625902846,0.5271311646610312
HEART OF WICKER LARGE,HEART OF WICKER SMALL,0.051891948160099934,0.045490032790298236,0.025555613386769375,0.49247743229689067,10.826051380686682,1.0,0.023195046963413974,1.8807241844033056,0.9573067297431949,0.35579710144927534,0.46828992348111464,0.5271311646610312
NO SINGING METAL SIGN,HAND OVER THE CHOCOLATE   SIGN ,0.031228855462447302,0.03799510747931088,0.012803830739603393,0.41,10.79086301369863,1.0,0.011617287019851843,1.6305167669842187,0.936577241450704,0.2269372693726937,0.38669750581615536,0.3734931506849315
"LUNCH BAG SPACEBOY DESIGN , LUNCH BAG SUKI  DESIGN ",LUNCH BAG CARS BLUE,0.023629833966585124,0.04434497475667517,0.011294436058918441,0.4779735682819384,10.778528365493992,1.0,0.010246571668165798,1.83066405679523,0.9291793088319144,0.1992653810835629,0.45375013165954375,0.3663342019813448
PAPER CHAIN KIT VINTAGE CHRISTMAS,PAPER CHAIN KIT 50'S CHRISTMAS ,0.03143704783219695,0.041430281580180084,0.014000936865663874,0.445364238410596,10.749727528370329,1.0,0.012698491121926364,1.7282868953002126,0.936412428650565,0.237842617152962,0.42139236100248584,0.39165196845152916
PAINTED METAL PEARS ASSORTED,ASSORTED COLOUR BIRD ORNAMENT,0.019518034664029564,0.06938010721907042,0.014469369697600582,0.7413333333333333,10.685099274818704,1.0,0.013115206359904678,3.597757317452047,0.9244552759957868,0.19440559440559438,0.722049067859806,0.474942735683921
BAKING SET SPACEBOY DESIGN,BAKING SET 9 PIECE RETROSPOT ,0.02467079581533337,0.04621870608442201,0.012127205537917036,0.49156118143459915,10.635546147413235,1.0,0.010986953277259355,1.8759017979916346,0.9288921889969441,0.20637732506643047,0.46692305478324436,0.37697428441099323
"LUNCH BAG PINK RETROSPOT, LUNCH BAG RED SPOTTY",LUNCH BAG SUKI  DESIGN ,0.020506948420340395,0.04965388018529121,0.010617810857232082,0.5177664974619289,10.427513328863775,1.0,0.009599561297402553,1.9707177431947118,0.9230283536976085,0.1783216783216783,0.4925706619056926,0.36580148772467513
"PACK OF 72 RETRO SPOT CAKE CASES, 60 TEATIME FAIRY CAKE CASES",PACK OF 60 PINK PAISLEY CAKE CASES,0.024878988185083016,0.04830062978191849,0.012387446000104095,0.49790794979079495,10.308518792382051,1.0,0.011185775202427677,1.8954679123510123,0.9260315815677753,0.20376712328767121,0.4724257828455315,0.3771867335160871
WICKER STAR ,HEART OF WICKER LARGE,0.023369593504398063,0.051891948160099934,0.012283349815229272,0.5256124721603563,10.128979365714068,1.0,0.01107065608057644,1.9985939684324654,0.922839759871951,0.19504132231404958,0.4996482448186718,0.3811613012757649
LUNCH BAG SPACEBOY DESIGN ,LUNCH BAG SUKI  DESIGN ,0.04731171602560766,0.04965388018529121,0.023629833966585124,0.49944994499449946,10.058628714024442,1.0,0.021280623687689078,1.8986035668386159,0.9453069645112597,0.32221433640880054,0.4732971024250681,0.4876704651597235
LUNCH BAG SUKI  DESIGN ,LUNCH BAG SPACEBOY DESIGN ,0.04965388018529121,0.04731171602560766,0.023629833966585124,0.47589098532494756,10.058628714024442,1.0,0.021280623687689078,1.8177292458231404,0.9476367094810283,0.32221433640880054,0.4498630627757986,0.4876704651597235
PACK OF 60 DINOSAUR CAKE CASES,PACK OF 60 PINK PAISLEY CAKE CASES,0.031801384479258836,0.04830062978191849,0.015198042991724354,0.4779050736497545,9.894385969862858,1.0,0.013662016093439224,1.8228473830822816,0.9284588636072422,0.23416198877305533,0.45140772108464494,0.3962801230317738
PACK OF 60 MUSHROOM CAKE CASES,PACK OF 60 PINK PAISLEY CAKE CASES,0.023213449227085826,0.04830062978191849,0.011086243689168792,0.4775784753363229,9.887624188186177,1.0,0.009965019472089958,1.8217078073702333,0.9202250679258942,0.1834625322997416,0.45106454725932577,0.3535521687026442
JUMBO STORAGE BAG SKULLS,JUMBO STORAGE BAG SUKI,0.028626450840576693,0.050226409202102744,0.014209129235413523,0.4963636363636364,9.882522845030618,1.0,0.01277132540149084,1.8858320394904096,0.9252992983904413,0.21980676328502416,0.4697300824997011,0.3896325953838907
PACK OF 60 DINOSAUR CAKE CASES,60 TEATIME FAIRY CAKE CASES,0.031801384479258836,0.059126633008900226,0.018581169000156144,0.5842880523731587,9.881977420990756,1.0,0.01670086021087607,2.263281996974653,0.928327787409986,0.2568345323741007,0.5581637633592686,0.4492743078767202
"PACK OF 72 RETRO SPOT CAKE CASES, PACK OF 60 PINK PAISLEY CAKE CASES",60 TEATIME FAIRY CAKE CASES,0.021287669806901575,0.059126633008900226,0.012387446000104095,0.5819070904645477,9.841708564344502,1.0,0.01112877775981678,2.2503930239728644,0.9179322654396794,0.18209640397857685,0.5556331763619713,0.3957070663590344
LUNCH BAG PINK RETROSPOT,LUNCH BAG RED SPOTTY,0.03799510747931088,0.05506688179878207,0.020506948420340395,0.5397260273972603,9.801281818888055,1.0,0.018414676327845162,2.052979691330027,0.9334386297080237,0.2826398852223817,0.5129031211447844,0.4560633917704638
WOOD 2 DRAWER CABINET WHITE FINISH,WOODEN FRAME ANTIQUE WHITE ,0.03023994170613647,0.05251652526934888,0.015458283453911413,0.5111876075731497,9.73384291804056,1.0,0.01387018679115746,1.9383376718961558,0.9252450076838226,0.22969837587006958,0.4840940180346587,0.4027692249956928
LUNCH BAG WOODLAND,LUNCH BAG CARS BLUE,0.0410659449331182,0.04434497475667517,0.01769635142872014,0.4309252217997465,9.717566063894989,1.0,0.015875283137302,1.6793136189687825,0.9355112257669025,0.2613374327440431,0.4045186148052138,0.41499312733179816
JUMBO BAG OWLS,JUMBO STORAGE BAG SUKI,0.027481392806953626,0.050226409202102744,0.013116119294227867,0.4772727272727273,9.50242581252944,1.0,0.01173582761366209,1.8169581737003253,0.92004791212712,0.2030620467365028,0.4496295982623252,0.36920631182289215
JUMBO BAG SPACEBOY DESIGN,JUMBO STORAGE BAG SUKI,0.02633633477333056,0.050226409202102744,0.012283349815229272,0.46640316205533594,9.286014458620901,1.0,0.010960570288020404,1.7799460627545778,0.9164470292548879,0.19109311740890686,0.438185223178933,0.355481373773782
LUNCH BAG PINK RETROSPOT,LUNCH BAG CARS BLUE,0.03799510747931088,0.04434497475667517,0.015510331546348826,0.40821917808219177,9.205534117949707,1.0,0.013825439464301625,1.614880019508396,0.9265750097949612,0.23208722741433024,0.38075894932155935,0.37899221814907713
LUNCH BAG PINK RETROSPOT,LUNCH BAG SPACEBOY DESIGN ,0.03799510747931088,0.04731171602560766,0.016499245302659657,0.43424657534246575,9.178415238784153,1.0,0.014701631567236058,1.6839284438288291,0.9262413700645029,0.23978819969742815,0.4061505382460006,0.39149072441490723
SET OF 36 TEATIME PAPER DOILIES,60 TEATIME FAIRY CAKE CASES,0.02113152552958934,0.059126633008900226,0.011450580336230677,0.541871921182266,9.164599666967321,1.0,0.010201144381324443,2.0537343387010027,0.9101166393557525,0.16641452344931923,0.5130821055305016,0.36776694650662595
"LUNCH BAG SPACEBOY DESIGN , LUNCH BAG SUKI  DESIGN ",LUNCH BAG  BLACK SKULL.,0.023629833966585124,0.05064279394160204,0.010930099411856556,0.4625550660792952,9.133679840268755,1.0,0.009733418599412517,1.7664269325840685,0.9120670966824813,0.17255546425636817,0.4338854432336348,0.3391912021043958
LUNCH BAG PINK RETROSPOT,LUNCH BAG SUKI  DESIGN ,0.03799510747931088,0.04965388018529121,0.01707177431947119,0.44931506849315067,9.048941730564888,1.0,0.015185169805066226,1.7257529041411375,0.924620910711623,0.24188790560471976,0.420542768550244,0.3965652910599925
WOOD S/3 CABINET ANT WHITE FINISH,WOODEN FRAME ANTIQUE WHITE ,0.03455993337844168,0.05251652526934888,0.01634310102534742,0.47289156626506024,9.004624046234492,1.0,0.014528133410771474,1.7975115063461495,0.9207676139596517,0.23105224429727736,0.44367532754617683,0.3920453867004191
LOVE BUILDING BLOCK WORD,HOME BUILDING BLOCK WORD,0.04939363972310415,0.06110446052152189,0.027169104252329154,0.5500526870389885,9.001841802453225,1.0,0.02415093254385446,2.0866788453514657,0.935099595041142,0.3260462211118052,0.5207695701579957,0.49734320893687073
HOME BUILDING BLOCK WORD,LOVE BUILDING BLOCK WORD,0.06110446052152189,0.04939363972310415,0.027169104252329154,0.444633730834753,9.001841802453223,1.0,0.02415093254385446,1.711674642584472,0.946763069118655,0.3260462211118052,0.4157768216452096,0.49734320893687073
JUMBO BAG SCANDINAVIAN PAISLEY,JUMBO BAG STRAWBERRY,0.033518971529693437,0.04559412897517306,0.0136886483110394,0.4083850931677019,8.956966660994357,1.0,0.012160379999999403,1.6132214722834346,0.9191645096379815,0.2092283214001591,0.38012230981245876,0.35430670183499247
LUNCH BAG WOODLAND,LUNCH BAG SPACEBOY DESIGN ,0.0410659449331182,0.04731171602560766,0.01727996668922084,0.4207858048162231,8.893902825010004,1.0,0.015337066364221911,1.6447944333824849,0.9255729496361478,0.24304538799414352,0.3920212886764693,0.39301116423429416
PINK DOUGHNUT TRINKET POT ,STRAWBERRY CERAMIC TRINKET BOX,0.016707437672409307,0.06948420340394525,0.01030552230260761,0.616822429906542,8.877160558647484,1.0,0.009144619305019185,2.428419274043362,0.9024286374222856,0.1358024691358025,0.5882094946747058,0.3825685183240575
JUMBO BAG PINK WITH WHITE SPOTS,JUMBO BAG STRAWBERRY,0.037058241815437466,0.04559412897517306,0.014989850621974705,0.4044943820224719,8.87163306141296,1.0,0.013300212365048497,1.6026815570039548,0.9214276705763652,0.22153846153846155,0.3760457305883052,0.3666307526550716
72 SWEETHEART FAIRY CAKE CASES,PACK OF 60 PINK PAISLEY CAKE CASES,0.03612137615156404,0.04830062978191849,0.015406235361474003,0.42651296829971186,8.830381099075824,1.0,0.013661550144763888,1.6594958867621825,0.9199857560460185,0.22322775263951739,0.3974073645032739,0.3727392427705456
72 SWEETHEART FAIRY CAKE CASES,60 TEATIME FAIRY CAKE CASES,0.03612137615156404,0.059126633008900226,0.018789361369905794,0.5201729106628243,8.797607511060601,1.0,0.016653626018415826,1.960859209284755,0.9195480751295481,0.24574540503744044,0.490019479590908,0.4189773004018347
SET OF 72 RETRO SPOT PAPER  DOILIES,PACK OF 72 RETRO SPOT CAKE CASES,0.023369593504398063,0.060375787227398114,0.01223130172279186,0.5233853006681515,8.668794639428617,1.0,0.010820344117779537,1.9714545398827021,0.9058121708840378,0.1710334788937409,0.492760304754733,0.3629857537823516
LUNCH BAG CARS BLUE,LUNCH BAG SUKI  DESIGN ,0.04434497475667517,0.04965388018529121,0.01899755373965544,0.42840375586854457,8.62780016928967,1.0,0.01679565367626773,1.6626178523247057,0.925120024351794,0.2532963219986121,0.39853887734828564,0.4055016682906664
PACK OF 60 PINK PAISLEY CAKE CASES,60 TEATIME FAIRY CAKE CASES,0.04830062978191849,0.059126633008900226,0.024358507260708893,0.5043103448275862,8.529326280961632,1.0,0.021502653649494642,1.8981097490603056,0.9275591360907194,0.29323308270676696,0.4731600738602873,0.4581410879067508
60 TEATIME FAIRY CAKE CASES,PACK OF 60 PINK PAISLEY CAKE CASES,0.059126633008900226,0.04830062978191849,0.024358507260708893,0.41197183098591544,8.52932628096163,1.0,0.021502653649494642,1.6184588092331447,0.9382319413298005,0.29323308270676696,0.3821282356430076,0.4581410879067508
"PACK OF 60 PINK PAISLEY CAKE CASES, 60 TEATIME FAIRY CAKE CASES",PACK OF 72 RETRO SPOT CAKE CASES,0.024358507260708893,0.060375787227398114,0.012387446000104095,0.5085470085470085,8.423029030356616,1.0,0.010916781948554503,1.9119310068590334,0.9032804266011552,0.17122302158273378,0.4769685744869924,0.356859711170056
LUNCH BAG WOODLAND,LUNCH BAG SUKI  DESIGN ,0.0410659449331182,0.04965388018529121,0.016863581949721543,0.41064638783269963,8.270177200660019,1.0,0.014824498440316726,1.612522771040441,0.9167299898682878,0.22832980972515857,0.37985371868282264,0.3751345146710668
LUNCH BAG WOODLAND,LUNCH BAG  BLACK SKULL.,0.0410659449331182,0.05064279394160204,0.017175870504346016,0.41825095057034223,8.25884430966905,1.0,0.015096176317080934,1.6319016025709716,0.9165569612758062,0.2304469273743017,0.38721795577346413,0.378704098101204
PACK OF 60 SPACEBOY CAKE CASES,60 TEATIME FAIRY CAKE CASES,0.026700671420392442,0.059126633008900226,0.012855878832040805,0.4814814814814815,8.143225091288471,1.0,0.01127715803187603,1.8145414934828354,0.9012628547922665,0.17617689015691868,0.44889659255981107,0.34945552947313513
LUNCH BAG SPACEBOY DESIGN ,LUNCH BAG  BLACK SKULL.,0.04731171602560766,0.05064279394160204,0.019205746109405092,0.405940594059406,8.015762213425866,1.0,0.016809748623696653,1.5980846301983036,0.9187116237421116,0.2438863185723728,0.3742509119332987,0.39259002981490343
LUNCH BAG WOODLAND,LUNCH BAG RED SPOTTY,0.0410659449331182,0.05506688179878207,0.01800863998334461,0.4385297845373891,7.963584830167162,1.0,0.015747266447757296,1.6829621450581511,0.9118754376673803,0.23051299133910727,0.40580957038374316,0.3827809603216246
LUNCH BAG SUKI  DESIGN ,LUNCH BAG  BLACK SKULL.,0.04965388018529121,0.05064279394160204,0.019986467495966272,0.4025157232704402,7.948134214999968,1.0,0.017471856273341572,1.5889241659293183,0.9198588709677419,0.24886584575502269,0.3706433438155136,0.39858571363933115
LUNCH BAG CARS BLUE,LUNCH BAG RED SPOTTY,0.04434497475667517,0.05506688179878207,0.019361890386717328,0.4366197183098592,7.928898532974787,1.0,0.01691995090342152,1.6772562848071622,0.9144294270288883,0.2418725617685306,0.4037881932188006,0.39411326180143247
PACK OF 60 MUSHROOM CAKE CASES,60 TEATIME FAIRY CAKE CASES,0.023213449227085826,0.059126633008900226,0.010617810857232082,0.45739910313901344,7.7359233878607965,1.0,0.00924527776391144,1.7340062879257458,0.8914260221059703,0.14804063860667635,0.42330082251534357,0.3184882839638729
PACK OF 60 DINOSAUR CAKE CASES,PACK OF 72 RETRO SPOT CAKE CASES,0.031801384479258836,0.060375787227398114,0.014521417790037995,0.45662847790507366,7.56310598792257,1.0,0.012601384167181583,1.7292481747110233,0.896282204981235,0.1869973190348525,0.42171400576027146,0.348572859642192
LUNCH BAG  BLACK SKULL.,LUNCH BAG RED SPOTTY,0.05064279394160204,0.05506688179878207,0.020975381252277103,0.4141829393627955,7.521452565196021,1.0,0.018186640504334828,1.6130174105434827,0.9132989693526621,0.24754299754299752,0.38004388950577744,0.3975451558817758
PACK OF 60 PINK PAISLEY CAKE CASES,PACK OF 72 RETRO SPOT CAKE CASES,0.04830062978191849,0.060375787227398114,0.021287669806901575,0.4407327586206896,7.299826285671819,1.0,0.018371481260239138,1.6800987850731686,0.9068099294450206,0.24359737939249554,0.4047969030842137,0.3966594827586206
PACK OF 72 SKULL CAKE CASES,60 TEATIME FAIRY CAKE CASES,0.034924270025503565,0.059126633008900226,0.015041898714412116,0.4307004470938897,7.284372966562414,1.0,0.012976944217510432,1.6526859404477174,0.8939400272979814,0.19038208168642948,0.39492436189715674,0.34255092777229695
60 TEATIME FAIRY CAKE CASES,PACK OF 72 RETRO SPOT CAKE CASES,0.059126633008900226,0.060375787227398114,0.024878988185083016,0.42077464788732394,6.969261474016513,1.0,0.021309171171065202,1.6222083673399328,0.9103379939325104,0.2629262926292629,0.3835563789873791,0.4164218067022827
PACK OF 72 RETRO SPOT CAKE CASES,60 TEATIME FAIRY CAKE CASES,0.060375787227398114,0.059126633008900226,0.024878988185083016,0.41206896551724137,6.969261474016513,1.0,0.021309171171065202,1.6003124717150672,0.9115482144972021,0.2629262926292629,0.37512203543081035,0.4164218067022827
72 SWEETHEART FAIRY CAKE CASES,PACK OF 72 RETRO SPOT CAKE CASES,0.03612137615156404,0.060375787227398114,0.014833706344662467,0.4106628242074928,6.80178003577462,1.0,0.012652849823774823,1.5943745810860286,0.8849450966906439,0.18164435946462712,0.3727948175648678,0.3281762396899533
PACK OF 72 SKULL CAKE CASES,PACK OF 72 RETRO SPOT CAKE CASES,0.034924270025503565,0.060375787227398114,0.014105033050538698,0.4038748137108793,6.689350686057866,1.0,0.011996452754406696,1.5762196169260396,0.881286963554567,0.17371794871794874,0.36557064176741394,0.3187477516830258
RED HANGING HEART T-LIGHT HOLDER,WHITE HANGING HEART T-LIGHT HOLDER,0.051735803882787694,0.15723728725342218,0.03757872273981159,0.7263581488933603,4.619503182617719,1.0,0.029443925283406988,3.079801972316539,0.8262744792163184,0.21925296082599452,0.6753037990790596,0.4826759297925921
"WOODEN PICTURE FRAME WHITE FINISH, WOODEN FRAME ANTIQUE WHITE ",WHITE HANGING HEART T-LIGHT HOLDER,0.028834643210326343,0.15723728725342218,0.014313225420288346,0.49638989169675085,3.1569476958522587,1.0,0.009779344342976323,1.67344280595557,0.7035242071824953,0.08333333333333333,0.4024295324338979,0.2937096760701563
WOODEN PICTURE FRAME WHITE FINISH,WHITE HANGING HEART T-LIGHT HOLDER,0.04257533961380315,0.15723728725342218,0.01993441940352886,0.46821515892420545,2.97776161814325,1.0,0.01323998849876129,1.5847813770728751,0.6937123196577569,0.11082175925925924,0.3689981378712179,0.29749718555280114
WOOD 2 DRAWER CABINET WHITE FINISH,WHITE HANGING HEART T-LIGHT HOLDER,0.03023994170613647,0.15723728725342218,0.01415708114297611,0.46815834767641995,2.977400309138383,1.0,0.009402234742401589,1.5846120909571575,0.6848462401813451,0.08168168168168168,0.3689307271434694,0.2790973797302987
CREAM HEART CARD HOLDER,WHITE HANGING HEART T-LIGHT HOLDER,0.03601727996668922,0.15723728725342218,0.016759485764846718,0.4653179190751445,2.959335709761917,1.0,0.011096226368637477,1.5761940465422482,0.6868238538023482,0.09495723975228547,0.3655603495053577,0.2859525709245302
HEART IVORY TRELLIS LARGE,WHITE HANGING HEART T-LIGHT HOLDER,0.025139228647270077,0.15723728725342218,0.011606724613542913,0.46169772256728775,2.936311931044455,1.0,0.0076539004974026485,1.5655938086792196,0.6764419566221906,0.06796708320633953,0.3612647198422245,0.2677571697907607
HEART FILIGREE DOVE LARGE,WHITE HANGING HEART T-LIGHT HOLDER,0.021964295008587934,0.15723728725342218,0.010097329932857961,0.45971563981042657,2.923706252127681,1.0,0.006643723769273713,1.5598502841186659,0.6727447390640507,0.059710680209295174,0.3589128327370137,0.26196639322530596
CREAM CUPID HEARTS COAT HANGER,WHITE HANGING HEART T-LIGHT HOLDER,0.026804767605267267,0.15723728725342218,0.011919013168167387,0.4446601941747573,2.8279564086989772,1.0,0.007704304224456753,1.5175622274982081,0.6641912522694672,0.06924705170849713,0.341048438159561,0.2602314542538798
WOODEN FRAME ANTIQUE WHITE ,WHITE HANGING HEART T-LIGHT HOLDER,0.05251652526934888,0.15723728725342218,0.02300525685733618,0.4380574826560952,2.7859643873788666,1.0,0.014747700888007965,1.4997311766513177,0.6765900239716596,0.12318840579710144,0.33321383487349043,0.29218332590269175
WOOD S/3 CABINET ANT WHITE FINISH,WHITE HANGING HEART T-LIGHT HOLDER,0.03455993337844168,0.15723728725342218,0.014833706344662467,0.42921686746987947,2.7297397135712655,1.0,0.0093995961725773,1.4765024835454554,0.6563480511078763,0.0838235294117647,0.3227237941390066,0.26177824505569447
HEART FILIGREE DOVE  SMALL,WHITE HANGING HEART T-LIGHT HOLDER,0.02477489200020819,0.15723728725342218,0.010409618487482434,0.42016806722689076,2.6721910213936617,1.0,0.006514081677373187,1.4534603306788807,0.6416726263542722,0.06066120715802244,0.31198672650878534,0.24318565559292238
ZINC METAL HEART DECORATION,WHITE HANGING HEART T-LIGHT HOLDER,0.04111799302555561,0.15723728725342218,0.01681153385728413,0.40886075949367084,2.6002786402356497,1.0,0.010346252176640633,1.425658550470656,0.6418160164244822,0.09260321100917429,0.2985697734777605,0.25788949924369076
"HEART OF WICKER LARGE, HEART OF WICKER SMALL",WHITE HANGING HEART T-LIGHT HOLDER,0.025555613386769375,0.15723728725342218,0.010253474210170197,0.40122199592668023,2.5516975199401877,1.0,0.00623517888713734,1.4074710610835706,0.6240520530964141,0.05942684766214178,0.2895058181657181,0.23321609561312495
